INSERT INTO court_case (id, case_id,case_no,created,created_by,deleted,source_type,urn,last_updated,last_updated_by,"version")
VALUES
    (6252, '1afb8c07-207c-412d-96ff-1ac5ee7f0b3f','1afb8c07-207c-412d-96ff-1ac5ee7f0b3f','2023-05-11 09:25:45.646','(court-case-matcher-7)',false,'COMMON_PLATFORM','25GD34377719','2023-05-11 09:25:45.646','(court-case-matcher-7)',0),
    (7699, '665597e6-b4d0-466d-98ad-3a9e9eb99b87','3306014916856309133','2023-06-05 12:05:23.135','(court-case-matcher-7)',false,'LIBRA','12GD3124119','2023-06-05 12:05:23.135','(court-case-matcher-7)',0),
    (7723, '85f400a9-82c9-4a9d-93ec-066d55be0c07','2307032816883764832','2023-07-03 10:28:20.774','(court-case-matcher-7)',false,'LIBRA','12GD3435329','2023-07-03 10:28:20.774','(court-case-matcher-7)',0),
    (7724, '79c176bf-a6ff-4f82-afba-de136aae1536','2307032816883764833','2023-07-03 10:28:26.056','(court-case-matcher-7)',false,'LIBRA','12GD3432532','2023-07-03 10:28:26.056','(court-case-matcher-7)',0),
    (7725, 'cbafcebb-3430-4710-8557-5c93bd1e8be5','2307032816883764834','2023-07-03 10:28:31.420','(court-case-matcher-7)',false,'LIBRA','12GD2386819','2023-07-03 10:28:31.420','(court-case-matcher-7)',0),
    (7726, 'af8fa3b5-d544-4c70-b4f4-3d8639197d4b','2307032816883764835','2023-07-03 10:28:38.100','(court-case-matcher-7)',false,'LIBRA','12GD32353669','2023-07-03 10:28:38.100','(court-case-matcher-7)',0),
    (7730, 'a9d0f014-3fde-41a8-a416-2dabc9e21bae','23070328168837648310','2023-07-03 10:29:28.553','(court-case-matcher-7)',false,'LIBRA','12GD3465419','2023-07-03 10:29:28.553','(court-case-matcher-7)',0),
    (7732, '5a173167-5d34-4112-b563-afb1067d229d','23070328168837648312','2023-07-03 10:29:36.850','(court-case-matcher-7)',false,'LIBRA','12GD64319','2023-07-03 10:29:36.850','(court-case-matcher-7)',0),
    (7733, 'eae601d7-3966-494f-a8bb-bb23989cfd6f','23070328168837648313','2023-07-03 10:29:41.651','(court-case-matcher-7)',false,'LIBRA','12GD3634519','2023-07-03 10:29:41.651','(court-case-matcher-7)',0),
    (7734, '0e6c7d7e-7057-45db-b788-210df7a9a624','23070328168837648314','2023-07-03 10:29:48.692','(court-case-matcher-7)',false,'LIBRA','12GD3434519','2023-07-03 10:29:48.692','(court-case-matcher-7)',0);

INSERT INTO hearing (id, hearing_id,created,created_by,deleted,fk_court_case_id_remove,first_created,hearing_event_type,hearing_type,list_no,fk_court_case_id,last_updated,last_updated_by,"version")
VALUES
    (5002, '57e86555-bd97-43f7-ad1c-55a992b37a2d','2023-05-11 09:25:45.646','(court-case-matcher-7)',false,NULL,'2023-05-11 09:25:45.270','UNKNOWN','Sentence',NULL,6252,'2023-07-18 15:47:08.368','(court-case-matcher-7)',1),
    (5059, '1eb3a6da-8189-4de2-8377-da5910e486b9','2023-06-07 12:06:12.165','(court-case-matcher-7)',false,NULL,now(),'UNKNOWN',NULL,'4th',7699,'2023-06-07 12:06:12.165','(court-case-matcher-7)',0),
    (5061, '4a7220b8-88bc-4417-8ee0-cfc318047b3c','2023-06-07 12:07:40.813','(court-case-matcher-7)',false,NULL,'2023-06-07 12:07:40.795','UNKNOWN',NULL,'',7699,'2023-06-07 12:07:40.813','(court-case-matcher-7)',0),
    (5085, '85f400a9-82c9-4a9d-93ec-066d55be0c07','2023-07-03 10:28:20.769','(court-case-matcher-7)',false,NULL,'2023-07-03 10:28:20.741','UNKNOWN',NULL,'1st',7723,'2023-07-03 10:28:20.769','(court-case-matcher-7)',0),
    (5086, '79c176bf-a6ff-4f82-afba-de136aae1536','2023-07-03 10:28:26.055','(court-case-matcher-7)',false,NULL,'2023-07-03 10:28:26.049','UNKNOWN',NULL,'1st',7724,'2023-07-03 10:28:26.055','(court-case-matcher-7)',0),
    (5087, 'cbafcebb-3430-4710-8557-5c93bd1e8be5','2023-07-03 10:28:31.420','(court-case-matcher-7)',false,NULL,'2023-07-03 10:28:31.405','UNKNOWN',NULL,'1st',7725,'2023-07-11 16:55:18.772','AUTH_RO_USER(prepare-a-case-for-court)',1),
    (5088, 'af8fa3b5-d544-4c70-b4f4-3d8639197d4b','2023-07-03 10:28:38.099','(court-case-matcher-7)',false,NULL,now(),'UNKNOWN',NULL,'1st',7726,'2023-07-03 10:28:38.099','(court-case-matcher-7)',0),
    (5092, 'a9d0f014-3fde-41a8-a416-2dabc9e21bae','2023-07-03 10:29:28.553','(court-case-matcher-7)',false,NULL,'2023-07-03 10:29:28.546','UNKNOWN',NULL,'1st',7730,'2023-07-03 10:29:28.553','(court-case-matcher-7)',0),
    (5094, '5a173167-5d34-4112-b563-afb1067d229d','2023-07-03 10:29:36.850','(court-case-matcher-7)',false,NULL,'2023-07-03 10:29:36.843','UNKNOWN',NULL,'1st',7732,'2023-07-03 10:29:36.850','(court-case-matcher-7)',0),
    (5095, 'eae601d7-3966-494f-a8bb-bb23989cfd6f','2023-07-03 10:29:41.651','(court-case-matcher-7)',false,NULL,'2023-07-03 10:29:41.643','UNKNOWN',NULL,'1st',7733,'2023-07-03 10:29:41.651','(court-case-matcher-7)',0),
    (5096, '0e6c7d7e-7057-45db-b788-210df7a9a624','2023-07-03 10:29:48.692','(court-case-matcher-7)',false,NULL,'2023-07-03 10:29:48.685','UNKNOWN',NULL,'1st',7734,'2023-07-11 16:50:33.444','AUTH_RO_USER(prepare-a-case-for-court)',1);

INSERT INTO hearing_day (id,fk_hearing_id,hearing_day,hearing_time,court_code,court_room,created,created_by,last_updated,last_updated_by,"version",deleted)
VALUES
    (6556,5085,'2023-07-03','09:01:00','B14LO','04','2023-07-03 10:28:20.799','(court-case-matcher-7)','2023-07-03 10:28:20.799','(court-case-matcher-7)',0,false),
    (6557,5086,'2023-07-03','10:30:00','B14LO','04','2023-07-03 10:28:26.060','(court-case-matcher-7)','2023-07-03 10:28:26.060','(court-case-matcher-7)',0,false),
    (6558,5087,'2023-07-03','09:01:00','B14LO','03','2023-07-03 10:28:31.424','(court-case-matcher-7)','2023-07-03 10:28:31.424','(court-case-matcher-7)',0,false),
    (6559,5088,'2023-07-03','11:30:00','B14LO','04','2023-07-03 10:28:38.104','(court-case-matcher-7)','2023-07-03 10:28:38.104','(court-case-matcher-7)',0,false),
    (6563,5092,'2023-07-03','15:00:00','B14LO','05','2023-07-03 10:29:28.558','(court-case-matcher-7)','2023-07-03 10:29:28.558','(court-case-matcher-7)',0,false),
    (6565,5094,'2023-07-03','15:00:00','B14LO','05','2023-07-03 10:29:36.855','(court-case-matcher-7)','2023-07-03 10:29:36.855','(court-case-matcher-7)',0,false),
    (6566,5095,'2023-07-03','15:00:00','B14LO','1','2023-07-03 10:29:41.658','(court-case-matcher-7)','2023-07-03 10:29:41.658','(court-case-matcher-7)',0,false),
    (6567,5096,'2023-07-03','11:30:00','B14LO','03','2023-07-03 10:29:48.696','(court-case-matcher-7)','2023-07-03 10:29:48.696','(court-case-matcher-7)',0,false),
    (6569,5061,'2023-07-03','09:01:00','B14LO','01','2023-07-03 10:30:13.856','(court-case-matcher-7)','2023-07-03 10:30:13.856','(court-case-matcher-7)',0,false),
    (6570,5059,'2023-07-03','09:01:00','B14LO','01','2023-07-03 10:30:58.028','(court-case-matcher-7)','2023-07-03 10:30:58.028','(court-case-matcher-7)',0,false),
    (6603,5002,'2023-07-03','09:00:00','B14LO','Crown Court 5-1','2023-07-18 16:28:02.824','(court-case-matcher-7)','2023-07-18 16:28:02.824','(court-case-matcher-7)',0,false);

INSERT INTO offender (id, crn,previously_known_termination_date,probation_status,suspended_sentence_order,breach,pre_sentence_activity,awaiting_psr,created,created_by,last_updated,last_updated_by,"version",deleted,pnc,cro)
VALUES (-19, 'X375482',NULL,'CURRENT',false,false,false,false,'2021-12-21 18:51:07.087','(court-case-matcher)','2021-12-21 18:51:07.087','(court-case-matcher)',0,false,NULL,NULL),
       (-10, 'X346204','2022-09-30','CURRENT',false,true,true,true,'2021-11-25 15:37:09.731','(migration)','2023-07-18 15:47:53.166','(court-case-matcher-7)',160,false,NULL,NULL),
       (-21, 'X361020','2023-07-10','PREVIOUSLY_KNOWN',false,false,true,true,'2021-12-22 11:40:02.082','JOHNEVANS(prepare-a-case-for-court)','2023-07-13 16:39:55.822','RAVI(prepare-a-case-for-court-1)',2,false,NULL,NULL);

INSERT INTO defendant (id, defendant_name,"type","name",address,crn,pnc,cro,date_of_birth,sex,nationality_1,nationality_2,created,created_by,manual_update,defendant_id,offender_confirmed,phone_number,person_id,fk_offender_id,last_updated,last_updated_by,"version",deleted,tsv_name)
VALUES
    (5093, 'Mr Arthur Morgan','PERSON','{"title": "Mr", "surname": "Morgan", "forename1": "Arthur"}','{"line1": "13 Wind Street", "line2": "Swansea", "line3": "Wales", "line4": "UK", "line5": "Earth", "postcode": "SA1 1FU"}','X346204',NULL,NULL,'1975-01-01','MALE',NULL,NULL,'2022-10-06 09:35:54.620','(court-case-matcher)',false,'7cece15c-78e8-4be9-a509-35d74eb68839'::uuid,false,'{"home": "+44 114 496 2345", "work": "0114 496 0000", "mobile": "555 CRIME"}','c9abb67c-7113-461f-a6fc-c61616055f2f'::uuid,-10,'2023-07-18 15:47:08.368','(court-case-matcher-7)',5,false,'''arthur'':2 ''morgan'':3 ''mr'':1'::tsvector),
    (5812, 'Mr Jeff Blogs','PERSON','{"title": "Mr", "surname": "Blogs", "forename1": "Jeff"}','{"line1": "39 The Street", "line2": "Newtown", "postcode": "NT4 6YH"}',NULL,'2004/0046583U',NULL,'1975-01-01','NOT_KNOWN',NULL,NULL,'2023-06-05 12:05:23.257','(court-case-matcher-7)',false,'8dc4322f-75de-429b-875b-0063b7c0c044'::uuid,false,NULL,'0169f72a-e713-4d4e-9b85-531708dc928b'::uuid,NULL,'2023-06-05 12:05:23.257','(court-case-matcher-7)',0,false,'''mr'':1 ''ravi'':2 ''testtwo'':3'::tsvector),
    (5837, 'Mr Bare Knuckles','PERSON','{"title": "Mr", "surname": "Knuckles", "forename1": "Bare"}','{"line1": "39 The Street", "line2": "Newtown", "postcode": "NT4 6YH"}','X361020',NULL,NULL,'1969-08-26','NOT_KNOWN',NULL,NULL,'2023-07-03 10:28:20.808','(court-case-matcher-7)',false,'ea0d9887-4957-48d2-8399-67f9ad441130'::uuid,false,NULL,'1d16eaae-cc82-4dc9-a535-a0a1bdf5914c'::uuid,-21,'2023-07-13 16:37:51.439','RAVI(prepare-a-case-for-court-1)',1,false,'''bare'':2 ''knuckl'':3 ''mr'':1'::tsvector),
    (5838, 'Mr Clifford Li','PERSON','{"title": "Mr", "surname": "Li", "forename1": "Clifford"}','{"line1": "39 The Street", "line2": "Newtown", "postcode": "NT4 6YH"}',NULL,NULL,NULL,'1989-06-07','NOT_KNOWN',NULL,NULL,'2023-07-03 10:28:26.063','(court-case-matcher-7)',false,'04ef0041-75eb-4e91-86ea-51703225c6a0'::uuid,false,NULL,'58c2de26-7bf1-4b5d-add9-a23859e05728'::uuid,NULL,'2023-07-03 10:28:26.063','(court-case-matcher-7)',0,false,'''clifford'':2 ''li'':3 ''mr'':1'::tsvector),
    (5839, 'Mr Cloud Strife','PERSON','{"title": "Mr", "surname": "Strife", "forename1": "Cloud"}','{"line1": "39 The Street", "line2": "Newtown", "postcode": "NT4 6YH"}','X375482',NULL,NULL,'1995-02-03','NOT_KNOWN',NULL,NULL,'2023-07-03 10:28:31.427','(court-case-matcher-7)',false,'f984d5bd-ef64-43be-9c03-cc69f94fa2e8'::uuid,false,NULL,'6489f7cc-ec24-4ed3-8eb8-46a919259f82'::uuid,-19,'2023-07-03 10:28:31.427','(court-case-matcher-7)',0,false,'''cloud'':2 ''mr'':1 ''strife'':3'::tsvector),
    (5840, 'Miss Esther Egge','PERSON','{"title": "Miss", "surname": "Egge", "forename1": "Esther"}','{"line1": "39 The Street", "line2": "Newtown", "postcode": "NT4 6YH"}',NULL,NULL,NULL,'1986-11-28','FEMALE',NULL,NULL,'2023-07-03 10:28:38.106','(court-case-matcher-7)',false,'1a9ad1a2-43b6-4a15-bc5a-80f053614684'::uuid,false,NULL,'1a88392d-d19b-4207-8f48-a99c3d214140'::uuid,NULL,'2023-07-03 10:28:38.106','(court-case-matcher-7)',0,false,'''egg'':3 ''esther'':2 ''miss'':1'::tsvector),
    (5844, 'Mrs Lagertha Lothbrok','PERSON','{"title": "Mrs", "surname": "Lothbrok", "forename1": "Lagertha"}','{"line1": "39 The Street", "line2": "Newtown", "postcode": "NT4 6YH"}',NULL,NULL,NULL,'1986-11-28','FEMALE',NULL,NULL,'2023-07-03 10:29:28.560','(court-case-matcher-7)',false,'7d9d7fe0-6b8c-46a3-98e1-440a494891fe'::uuid,false,NULL,'6a0f51fb-0b0a-40bf-9623-d06462738c65'::uuid,NULL,'2023-07-03 10:29:28.560','(court-case-matcher-7)',0,false,'''lagertha'':2 ''lothbrok'':3 ''mrs'':1'::tsvector),
    (5846, 'Mrs Mary Berry','PERSON','{"title": "Mrs", "surname": "Berry", "forename1": "Mary"}','{"line1": "39 The Street", "line2": "Newtown", "postcode": "NT4 6YH"}',NULL,NULL,NULL,'1986-11-28','FEMALE',NULL,NULL,'2023-07-03 10:29:36.857','(court-case-matcher-7)',false,'5e63423f-2488-41c7-a99a-dc4f02449df1'::uuid,false,NULL,'4da76764-1a67-4a8e-99ef-9c7dcbbab029'::uuid,NULL,'2023-07-03 10:29:36.857','(court-case-matcher-7)',0,false,'''berri'':3 ''mari'':2 ''mrs'':1'::tsvector),
    (5847, 'Block BUSTERS','ORGANISATION','{"surname": "BUSTERS", "forename1": "Block"}','{"line1": "VHS Video Shop", "line2": "Wigan", "postcode": "WN8 0PZ"}',NULL,NULL,NULL,NULL,'NOT_KNOWN',NULL,NULL,'2023-07-03 10:29:41.660','(court-case-matcher-7)',false,'c985bc09-e940-4bd5-8abd-c87ec10940e1'::uuid,false,NULL,'111c27b7-3a1c-4adf-a3e5-6069dc0d81b8'::uuid,NULL,'2023-07-03 10:29:41.660','(court-case-matcher-7)',0,false,'''block'':1 ''buster'':2'::tsvector),
    (5848, 'Miss. Portia Labiata','PERSON','{"title": "Miss.", "surname": "Labiata", "forename1": "Portia"}','{"line1": "39 The Street", "line2": "Newtown", "postcode": "NT4 6YH"}',NULL,NULL,NULL,'1986-11-28','FEMALE',NULL,NULL,'2023-07-03 10:29:48.699','(court-case-matcher-7)',false,'e4ea7459-2f55-4f06-95fd-9896e6e9f3ce'::uuid,false,NULL,'2c1bf687-df2c-420c-be33-3172aefdc61f'::uuid,NULL,'2023-07-03 10:29:48.699','(court-case-matcher-7)',0,false,'''labiata'':3 ''miss'':1 ''portia'':2'::tsvector);

INSERT INTO hearing_defendant (id, fk_hearing_id,created,created_by,defendant_id,fk_defendant_id,last_updated,last_updated_by,"version",deleted)
VALUES
    (5920, 5059,'2023-06-07 12:06:12.183','(court-case-matcher-7)','8dc4322f-75de-429b-875b-0063b7c0c044'::uuid,5812,'2023-06-07 12:06:12.183','(court-case-matcher-7)',0,false),
    (5922, 5061,'2023-06-07 12:07:40.816','(court-case-matcher-7)','8dc4322f-75de-429b-875b-0063b7c0c044'::uuid,5812,'2023-06-07 12:07:40.816','(court-case-matcher-7)',0,false),
    (5947, 5085,'2023-07-03 10:28:20.805','(court-case-matcher-7)','ea0d9887-4957-48d2-8399-67f9ad441130'::uuid,5837,'2023-07-03 10:28:20.805','(court-case-matcher-7)',0,false),
    (5948, 5086,'2023-07-03 10:28:26.063','(court-case-matcher-7)','04ef0041-75eb-4e91-86ea-51703225c6a0'::uuid,5838,'2023-07-03 10:28:26.063','(court-case-matcher-7)',0,false),
    (5949, 5087,'2023-07-03 10:28:31.426','(court-case-matcher-7)','f984d5bd-ef64-43be-9c03-cc69f94fa2e8'::uuid,5839,'2023-07-03 10:28:31.426','(court-case-matcher-7)',0,false),
    (5950, 5088,'2023-07-03 10:28:38.106','(court-case-matcher-7)','1a9ad1a2-43b6-4a15-bc5a-80f053614684'::uuid,5840,'2023-07-03 10:28:38.106','(court-case-matcher-7)',0,false),
    (5954, 5092,'2023-07-03 10:29:28.560','(court-case-matcher-7)','7d9d7fe0-6b8c-46a3-98e1-440a494891fe'::uuid,5844,'2023-07-03 10:29:28.560','(court-case-matcher-7)',0,false),
    (5956, 5094,'2023-07-03 10:29:36.857','(court-case-matcher-7)','5e63423f-2488-41c7-a99a-dc4f02449df1'::uuid,5846,'2023-07-03 10:29:36.857','(court-case-matcher-7)',0,false),
    (5957, 5095,'2023-07-03 10:29:41.660','(court-case-matcher-7)','c985bc09-e940-4bd5-8abd-c87ec10940e1'::uuid,5847,'2023-07-03 10:29:41.660','(court-case-matcher-7)',0,false),
    (5958, 5096,'2023-07-03 10:29:48.699','(court-case-matcher-7)','e4ea7459-2f55-4f06-95fd-9896e6e9f3ce'::uuid,5848,'2023-07-03 10:29:48.699','(court-case-matcher-7)',0,false),
    (5980, 5002,'2023-07-18 15:47:08.359','(court-case-matcher-7)','7cece15c-78e8-4be9-a509-35d74eb68839'::uuid,5093,'2023-07-18 15:47:08.369','(court-case-matcher-7)',1,false);

INSERT INTO offence (id, fk_hearing_defendant_id,summary,title,"sequence",act,created,created_by,list_no,last_updated,last_updated_by,"version",deleted,offence_code,short_term_custody_predictor_score,plea_id,verdict_id)
VALUES
    (9795, 5947,'On 01/01/2016 at Town, stole Article, to the value of £100.00, belonging to Person.','Theft from a shop',1,'Contrary to section 1(1) and 7 of the Theft Act 1968.','2023-07-03 10:28:20.868','(court-case-matcher-7)',NULL,'2023-07-03 10:28:20.868','(court-case-matcher-7)',0,false,'RW89008',NULL,NULL,NULL),
    (9796, 5948,'On 01/01/2016 at Town, stole Article, to the value of £200.00, belonging to Person.','Theft from a shop',1,'Contrary to section 1(1) and 7 of the Theft Act 1968.','2023-07-03 10:28:26.067','(court-case-matcher-7)',NULL,'2023-07-03 10:28:26.067','(court-case-matcher-7)',0,false,'CJ88160',0.30885010741016466,NULL,NULL),
    (9797, 5949,'On 01/01/2016 at Town, stole Article, to the value of £100.00, belonging to Person.','Theft from a shop',1,'Contrary to section 1(1) and 7 of the Theft Act 1968.','2023-07-03 10:28:31.436','(court-case-matcher-7)',NULL,'2023-07-03 10:28:31.436','(court-case-matcher-7)',0,false,'SE20516',NULL,NULL,NULL),
    (9798, 5950,'On 01/01/2016 at Town, made up stupid offences to amuse self.','Making up test data last thing on a Friday',1,'Contrary to section 1(1) and 7 of the Poor Use of Company Time Act 1968.','2023-07-03 10:28:38.111','(court-case-matcher-7)',NULL,'2023-07-03 10:28:38.111','(court-case-matcher-7)',0,false,'CJ88144',0.4730032821604243,NULL,NULL),
    (9802, 5954,'On 01/01/2016 at Town, wrought havoc.','Pillage etc.',1,'Contrary to section 1(1) and 7 of the Vikings Doing Viking Things Act 1968.','2023-07-03 10:29:28.566','(court-case-matcher-7)',NULL,'2023-07-03 10:29:28.566','(court-case-matcher-7)',0,false,'RW89008',NULL,NULL,NULL),
    (9804, 5956,'On 01/01/2016 at Town, stole Article, to the value of £100.00, belonging to that Hollywood bloke.','Theft from a shop',1,'Contrary to section 1(1) and 7 of the Theft Act 1968.','2023-07-03 10:29:36.863','(court-case-matcher-7)',NULL,'2023-07-03 10:29:36.863','(court-case-matcher-7)',0,false,'SE20516',NULL,NULL,NULL),
    (9805, 5957,'Loaned a Nicholas CAGE film, viz. Gone in 60 seconds.','Loaned a Nicholas CAGE film',1,'Contrary to all decent sensibilities around film-making and distribution.','2023-07-03 10:29:41.666','(court-case-matcher-7)',NULL,'2023-07-03 10:29:41.666','(court-case-matcher-7)',0,false,'CJ88144',0.3353105754599215,NULL,NULL),
    (9806, 5958,'On 01/01/2016 at Town, caused alarm by jumping distance in excess of 10 times body length.','Jumping around',1,'Contrary to section 1(1) and 7 of the Sit Down or I''ll Turn The Car Around Act 1968.','2023-07-03 10:29:48.704','(court-case-matcher-7)',NULL,'2023-07-03 10:29:48.704','(court-case-matcher-7)',0,false,'SE20501',NULL,NULL,NULL),
    (9807, 5958,'On 01/01/2016 at Town, moved hand like appendages in waving motion causing upset to the man.','Putting hands in air like they just don''t care',2,'Contrary to section 1(1) and 7 of the Irreverent Hand Waving Act 1968.','2023-07-03 10:29:48.706','(court-case-matcher-7)',NULL,'2023-07-03 10:29:48.706','(court-case-matcher-7)',0,false,NULL,NULL,NULL,NULL),
    (9809, 5922,'On 01/01/2016 at Town, stole Article, to the value of £100.00, belonging to Person.','Offence 101',1,'Contrary to section 1(1) and 7 of the Theft Act 1968.','2023-07-03 10:30:13.859','(court-case-matcher-7)',NULL,'2023-07-03 10:30:13.864','(court-case-matcher-7)',1,false,'MC80528',NULL,NULL,NULL),
    (9810, 5920,'On 01/01/2016 at Town, stole Article, to the value of £100.00, belonging to Person.','Offence 102',1,'Contrary to section 1(1) and 7 of the Theft Act 1968.','2023-07-03 10:30:58.031','(court-case-matcher-7)',NULL,'2023-07-03 10:30:58.033','(court-case-matcher-7)',1,false,'MC80528',NULL,NULL,NULL),
    (9853, 5980,'on 01/08/2009 at the County public house, unlawfully and maliciously wounded, John Smith','Wound / inflict grievous bodily harm without intent (sole defendant)',1,'Contrary to section 20 of the Offences Against the Person Act 1861.','2023-07-18 16:28:02.826','(court-case-matcher-7)',5,'2023-07-18 16:28:02.829','(court-case-matcher-7)',1,false,'CJO3523',NULL,NULL,NULL),
    (9854, 5980,'on 01/08/2009 at the County public house, unlawfully and maliciously wounded, Jane Smith','Wound / inflict grievous bodily harm without intent (sole defendant)',2,'Contrary to section 20 of the Offences Against the Person Act 1861.','2023-07-18 16:28:02.827','(court-case-matcher-7)',7,'2023-07-18 16:28:02.829','(court-case-matcher-7)',1,false,'CJO3523',NULL,NULL,NULL);

INSERT INTO offender_match_group (id, created,last_updated,created_by,last_updated_by,deleted,"version",case_id,defendant_id)
VALUES
    (1891, '2022-03-24 14:50:55.333','2022-03-24 14:50:55.333','(court-case-matcher)','(court-case-matcher)',false,0,'e31a09d3-6284-47b2-bfd7-7d38af17182c','7cece15c-78e8-4be9-a509-35d74eb68839'),
    (3370, '2023-06-05 12:05:24.259','2023-06-05 12:05:24.259','(court-case-matcher-7)','(court-case-matcher-7)',false,0,'665597e6-b4d0-466d-98ad-3a9e9eb99b87','8dc4322f-75de-429b-875b-0063b7c0c044'),
    (3394, '2023-07-03 10:28:21.225','2023-07-03 10:28:21.225','(court-case-matcher-7)','(court-case-matcher-7)',false,0,'85f400a9-82c9-4a9d-93ec-066d55be0c07','ea0d9887-4957-48d2-8399-67f9ad441130'),
    (3395, '2023-07-03 10:28:27.603','2023-07-03 10:28:27.603','(court-case-matcher-7)','(court-case-matcher-7)',false,0,'79c176bf-a6ff-4f82-afba-de136aae1536','04ef0041-75eb-4e91-86ea-51703225c6a0'),
    (3396, '2023-07-03 10:28:31.699','2023-07-03 10:28:31.699','(court-case-matcher-7)','(court-case-matcher-7)',false,0,'cbafcebb-3430-4710-8557-5c93bd1e8be5','f984d5bd-ef64-43be-9c03-cc69f94fa2e8');

INSERT INTO offender_match (id, confirmed,crn,cro,match_type,pnc,group_id,created,last_updated,created_by,last_updated_by,deleted,"version",rejected,aliases,match_probability)
VALUES
    (1804, true,'X346204','123456/43G','NAME_DOB_PNC','2004/0046583U',1891,'2022-05-03 16:42:14.650','2022-05-04 17:37:43.202','(court-case-matcher)','(court-case-matcher)',false,2,false,NULL,NULL),
    (3400, false,'X346204','123456/43G','EXTERNAL_KEY','2004/0046583U',3370,'2023-06-07 12:07:40.919','2023-06-07 12:07:40.928','(court-case-matcher-7)','(court-case-matcher-7)',false,1,false,NULL,NULL),
    (3460, false,'X361020',NULL,'NAME_DOB_ALIAS',NULL,3394,'2023-07-03 10:28:21.240','2023-07-03 10:28:21.240','(court-case-matcher-7)','(court-case-matcher-7)',false,0,false,'[{"gender": "Male", "surname": "FAULKNER", "firstName": "Chris", "dateOfBirth": [1968, 8, 6], "middleNames": []}, {"gender": "Male", "surname": "Akinbye", "firstName": "Adi", "dateOfBirth": [1969, 8, 26], "middleNames": []}, {"gender": "Male", "surname": "Knuckles", "firstName": "Bear", "dateOfBirth": [1969, 8, 26], "middleNames": []}, {"gender": "Male", "surname": "Knuckles", "firstName": "Bare", "dateOfBirth": [1969, 8, 26], "middleNames": []}]',0.000476597),
    (3461, false,'D002314',NULL,'NAME_DOB',NULL,3395,'2023-07-03 10:28:27.605','2023-07-03 10:28:27.605','(court-case-matcher-7)','(court-case-matcher-7)',false,0,false,NULL,0.9999918796),
    (3462, false,'D002316',NULL,'NAME_DOB',NULL,3395,'2023-07-03 10:28:27.607','2023-07-03 10:28:27.607','(court-case-matcher-7)','(court-case-matcher-7)',false,0,false,NULL,0.9999918796),
    (3463, false,'D002318',NULL,'NAME_DOB',NULL,3395,'2023-07-03 10:28:27.609','2023-07-03 10:28:27.609','(court-case-matcher-7)','(court-case-matcher-7)',false,0,false,NULL,0.9999918796),
    (3464, false,'D002320',NULL,'NAME_DOB',NULL,3395,'2023-07-03 10:28:27.610','2023-07-03 10:28:27.610','(court-case-matcher-7)','(court-case-matcher-7)',false,0,false,NULL,0.9999918796),
    (3465, false,'D002315',NULL,'NAME_DOB',NULL,3395,'2023-07-03 10:28:27.612','2023-07-03 10:28:27.612','(court-case-matcher-7)','(court-case-matcher-7)',false,0,false,NULL,0.9999918796),
    (3466, false,'D002317',NULL,'NAME_DOB',NULL,3395,'2023-07-03 10:28:27.614','2023-07-03 10:28:27.614','(court-case-matcher-7)','(court-case-matcher-7)',false,0,false,NULL,0.9999918796),
    (3467, false,'D002319',NULL,'NAME_DOB',NULL,3395,'2023-07-03 10:28:27.616','2023-07-03 10:28:27.616','(court-case-matcher-7)','(court-case-matcher-7)',false,0,false,NULL,0.9999918796),
    (3468, false,'X375482',NULL,'NAME_DOB',NULL,3396,'2023-07-03 10:28:31.702','2023-07-03 10:28:31.702','(court-case-matcher-7)','(court-case-matcher-7)',false,0,false,NULL,0.9999918796);

INSERT INTO hearing_outcome (id, outcome_type,created,created_by,deleted,last_updated,last_updated_by,"version",outcome_date,state, fk_hearing_id)
VALUES
    (5, 'REPORT_REQUESTED','2023-07-11 16:55:18.756','AUTH_RO_USER(prepare-a-case-for-court)',false,'2023-07-11 16:55:18.756','AUTH_RO_USER(prepare-a-case-for-court)',0,'2023-07-11 16:55:18.496','NEW', 5087),
    (4, 'REPORT_REQUESTED','2023-07-11 16:55:18.756','AUTH_RO_USER(prepare-a-case-for-court)',false,'2023-07-11 16:55:18.756','AUTH_RO_USER(prepare-a-case-for-court)',0,'2023-07-11 16:55:18.496','NEW', 5096);
